name,brand,model,filename,image_url
Toyota Camry,toyota,camry,toyota_camry.png,https://raw.githubusercontent.com/HAMIS-CHEEMA/car-dashboard-images/main/images/toyota_camry.png
Toyota Corolla,toyota,corolla,toyota_corolla.png,https://raw.githubusercontent.com/HAMIS-CHEEMA/car-dashboard-images/main/images/toyota_corolla.png
Honda Accord,honda,accord,honda_accord.png,https://raw.githubusercontent.com/HAMIS-CHEEMA/car-dashboard-images/main/images/honda_accord.png
Honda Civic,honda,civic,honda_civic.png,https://raw.githubusercontent.com/HAMIS-CHEEMA/car-dashboard-images/main/images/honda_civic.png
Nissan Altima,nissan,altima,nissan_altima.png,https://raw.githubusercontent.com/HAMIS-CHEEMA/car-dashboard-images/main/images/nissan_altima.png
Hyundai Elantra,hyundai,elantra,hyundai_elantra.png,https://raw.githubusercontent.com/HAMIS-CHEEMA/car-dashboard-images/main/images/hyundai_elantra.png
Hyundai Sonata,hyundai,sonata,hyundai_sonata.png,https://raw.githubusercontent.com/HAMIS-CHEEMA/car-dashboard-images/main/images/hyundai_sonata.png
Kia K5,kia,k5,kia_k5.png,https://raw.githubusercontent.com/HAMIS-CHEEMA/car-dashboard-images/main/images/kia_k5.png
Mazda Mazda6,mazda,mazda6,mazda_mazda6.png,https://raw.githubusercontent.com/HAMIS-CHEEMA/car-dashboard-images/main/images/mazda_mazda6.png
Volkswagen Jetta,volkswagen,jetta,volkswagen_jetta.png,https://raw.githubusercontent.com/HAMIS-CHEEMA/car-dashboard-images/main/images/volkswagen_jetta.png
Volkswagen Passat,volkswagen,passat,volkswagen_passat.png,https://raw.githubusercontent.com/HAMIS-CHEEMA/car-dashboard-images/main/images/volkswagen_passat.png
Bmw 3 Series,bmw,3 series,bmw_3_series.png,https://raw.githubusercontent.com/HAMIS-CHEEMA/car-dashboard-images/main/images/bmw_3_series.png
Bmw 5 Series,bmw,5 series,bmw_5_series.png,https://raw.githubusercontent.com/HAMIS-CHEEMA/car-dashboard-images/main/images/bmw_5_series.png
Mercedes-Benz C-Class,mercedes-benz,c-class,mercedes_benz_c_class.png,https://raw.githubusercontent.com/HAMIS-CHEEMA/car-dashboard-images/main/images/mercedes_benz_c_class.png
Mercedes-Benz E-Class,mercedes-benz,e-class,mercedes_benz_e_class.png,https://raw.githubusercontent.com/HAMIS-CHEEMA/car-dashboard-images/main/images/mercedes_benz_e_class.png
Audi A4,audi,a4,audi_a4.png,https://raw.githubusercontent.com/HAMIS-CHEEMA/car-dashboard-images/main/images/audi_a4.png
Audi A6,audi,a6,audi_a6.png,https://raw.githubusercontent.com/HAMIS-CHEEMA/car-dashboard-images/main/images/audi_a6.png
Subaru Legacy,subaru,legacy,subaru_legacy.png,https://raw.githubusercontent.com/HAMIS-CHEEMA/car-dashboard-images/main/images/subaru_legacy.png
Toyota Rav4,toyota,rav4,toyota_rav4.png,https://raw.githubusercontent.com/HAMIS-CHEEMA/car-dashboard-images/main/images/toyota_rav4.png
Toyota Highlander,toyota,highlander,toyota_highlander.png,https://raw.githubusercontent.com/HAMIS-CHEEMA/car-dashboard-images/main/images/toyota_highlander.png
Honda Cr-V,honda,cr-v,honda_cr_v.png,https://raw.githubusercontent.com/HAMIS-CHEEMA/car-dashboard-images/main/images/honda_cr_v.png
Honda Pilot,honda,pilot,honda_pilot.png,https://raw.githubusercontent.com/HAMIS-CHEEMA/car-dashboard-images/main/images/honda_pilot.png
Ford Explorer,ford,explorer,ford_explorer.png,https://raw.githubusercontent.com/HAMIS-CHEEMA/car-dashboard-images/main/images/ford_explorer.png
Ford Escape,ford,escape,ford_escape.png,https://raw.githubusercontent.com/HAMIS-CHEEMA/car-dashboard-images/main/images/ford_escape.png
Chevrolet Equinox,chevrolet,equinox,chevrolet_equinox.png,https://raw.githubusercontent.com/HAMIS-CHEEMA/car-dashboard-images/main/images/chevrolet_equinox.png
Chevrolet Tahoe,chevrolet,tahoe,chevrolet_tahoe.png,https://raw.githubusercontent.com/HAMIS-CHEEMA/car-dashboard-images/main/images/chevrolet_tahoe.png
Jeep Grand Cherokee,jeep,grand cherokee,jeep_grand_cherokee.png,https://raw.githubusercontent.com/HAMIS-CHEEMA/car-dashboard-images/main/images/jeep_grand_cherokee.png
Jeep Wrangler,jeep,wrangler,jeep_wrangler.png,https://raw.githubusercontent.com/HAMIS-CHEEMA/car-dashboard-images/main/images/jeep_wrangler.png
Hyundai Tucson,hyundai,tucson,hyundai_tucson.png,https://raw.githubusercontent.com/HAMIS-CHEEMA/car-dashboard-images/main/images/hyundai_tucson.png
Hyundai Santa Fe,hyundai,santa fe,hyundai_santa_fe.png,https://raw.githubusercontent.com/HAMIS-CHEEMA/car-dashboard-images/main/images/hyundai_santa_fe.png
Kia Sportage,kia,sportage,kia_sportage.png,https://raw.githubusercontent.com/HAMIS-CHEEMA/car-dashboard-images/main/images/kia_sportage.png
Kia Sorento,kia,sorento,kia_sorento.png,https://raw.githubusercontent.com/HAMIS-CHEEMA/car-dashboard-images/main/images/kia_sorento.png
Nissan Rogue,nissan,rogue,nissan_rogue.png,https://raw.githubusercontent.com/HAMIS-CHEEMA/car-dashboard-images/main/images/nissan_rogue.png
Mazda Cx-5,mazda,cx-5,mazda_cx_5.png,https://raw.githubusercontent.com/HAMIS-CHEEMA/car-dashboard-images/main/images/mazda_cx_5.png
Subaru Outback,subaru,outback,subaru_outback.png,https://raw.githubusercontent.com/HAMIS-CHEEMA/car-dashboard-images/main/images/subaru_outback.png
Subaru Forester,subaru,forester,subaru_forester.png,https://raw.githubusercontent.com/HAMIS-CHEEMA/car-dashboard-images/main/images/subaru_forester.png
Bmw X3,bmw,x3,bmw_x3.png,https://raw.githubusercontent.com/HAMIS-CHEEMA/car-dashboard-images/main/images/bmw_x3.png
Bmw X5,bmw,x5,bmw_x5.png,https://raw.githubusercontent.com/HAMIS-CHEEMA/car-dashboard-images/main/images/bmw_x5.png
Audi Q5,audi,q5,audi_q5.png,https://raw.githubusercontent.com/HAMIS-CHEEMA/car-dashboard-images/main/images/audi_q5.png
Volvo Xc60,volvo,xc60,volvo_xc60.png,https://raw.githubusercontent.com/HAMIS-CHEEMA/car-dashboard-images/main/images/volvo_xc60.png
Volkswagen Golf,volkswagen,golf,volkswagen_golf.png,https://raw.githubusercontent.com/HAMIS-CHEEMA/car-dashboard-images/main/images/volkswagen_golf.png
Honda Fit,honda,fit,honda_fit.png,https://raw.githubusercontent.com/HAMIS-CHEEMA/car-dashboard-images/main/images/honda_fit.png
Ford Fiesta,ford,fiesta,ford_fiesta.png,https://raw.githubusercontent.com/HAMIS-CHEEMA/car-dashboard-images/main/images/ford_fiesta.png
Mini Cooper,mini,cooper,mini_cooper.png,https://raw.githubusercontent.com/HAMIS-CHEEMA/car-dashboard-images/main/images/mini_cooper.png
Toyota Yaris,toyota,yaris,toyota_yaris.png,https://raw.githubusercontent.com/HAMIS-CHEEMA/car-dashboard-images/main/images/toyota_yaris.png
Hyundai I20,hyundai,i20,hyundai_i20.png,https://raw.githubusercontent.com/HAMIS-CHEEMA/car-dashboard-images/main/images/hyundai_i20.png
Kia Rio,kia,rio,kia_rio.png,https://raw.githubusercontent.com/HAMIS-CHEEMA/car-dashboard-images/main/images/kia_rio.png
Fiat 500,fiat,500,fiat_500.png,https://raw.githubusercontent.com/HAMIS-CHEEMA/car-dashboard-images/main/images/fiat_500.png
Suzuki Swift,suzuki,swift,suzuki_swift.png,https://raw.githubusercontent.com/HAMIS-CHEEMA/car-dashboard-images/main/images/suzuki_swift.png
Chevrolet Spark,chevrolet,spark,chevrolet_spark.png,https://raw.githubusercontent.com/HAMIS-CHEEMA/car-dashboard-images/main/images/chevrolet_spark.png
Ford F-150,ford,f-150,ford_f_150.png,https://raw.githubusercontent.com/HAMIS-CHEEMA/car-dashboard-images/main/images/ford_f_150.png
Chevrolet Silverado,chevrolet,silverado,chevrolet_silverado.png,https://raw.githubusercontent.com/HAMIS-CHEEMA/car-dashboard-images/main/images/chevrolet_silverado.png
Ram 1500,ram,1500,ram_1500.png,https://raw.githubusercontent.com/HAMIS-CHEEMA/car-dashboard-images/main/images/ram_1500.png
Toyota Tacoma,toyota,tacoma,toyota_tacoma.png,https://raw.githubusercontent.com/HAMIS-CHEEMA/car-dashboard-images/main/images/toyota_tacoma.png
Toyota Tundra,toyota,tundra,toyota_tundra.png,https://raw.githubusercontent.com/HAMIS-CHEEMA/car-dashboard-images/main/images/toyota_tundra.png
Gmc Sierra,gmc,sierra,gmc_sierra.png,https://raw.githubusercontent.com/HAMIS-CHEEMA/car-dashboard-images/main/images/gmc_sierra.png
Nissan Titan,nissan,titan,nissan_titan.png,https://raw.githubusercontent.com/HAMIS-CHEEMA/car-dashboard-images/main/images/nissan_titan.png
Honda Ridgeline,honda,ridgeline,honda_ridgeline.png,https://raw.githubusercontent.com/HAMIS-CHEEMA/car-dashboard-images/main/images/honda_ridgeline.png
Tesla Model 3,tesla,model 3,tesla_model_3.png,https://raw.githubusercontent.com/HAMIS-CHEEMA/car-dashboard-images/main/images/tesla_model_3.png
Tesla Model S,tesla,model s,tesla_model_s.png,https://raw.githubusercontent.com/HAMIS-CHEEMA/car-dashboard-images/main/images/tesla_model_s.png
Tesla Model Y,tesla,model y,tesla_model_y.png,https://raw.githubusercontent.com/HAMIS-CHEEMA/car-dashboard-images/main/images/tesla_model_y.png
Tesla Model X,tesla,model x,tesla_model_x.png,https://raw.githubusercontent.com/HAMIS-CHEEMA/car-dashboard-images/main/images/tesla_model_x.png
Chevrolet Bolt,chevrolet,bolt,chevrolet_bolt.png,https://raw.githubusercontent.com/HAMIS-CHEEMA/car-dashboard-images/main/images/chevrolet_bolt.png
Nissan Leaf,nissan,leaf,nissan_leaf.png,https://raw.githubusercontent.com/HAMIS-CHEEMA/car-dashboard-images/main/images/nissan_leaf.png
Hyundai Ioniq 5,hyundai,ioniq 5,hyundai_ioniq_5.png,https://raw.githubusercontent.com/HAMIS-CHEEMA/car-dashboard-images/main/images/hyundai_ioniq_5.png
Kia Ev6,kia,ev6,kia_ev6.png,https://raw.githubusercontent.com/HAMIS-CHEEMA/car-dashboard-images/main/images/kia_ev6.png
Ford Mustang Mach-E,ford,mustang mach-e,ford_mustang_mach_e.png,https://raw.githubusercontent.com/HAMIS-CHEEMA/car-dashboard-images/main/images/ford_mustang_mach_e.png
Volkswagen Id.4,volkswagen,id.4,volkswagen_id_4.png,https://raw.githubusercontent.com/HAMIS-CHEEMA/car-dashboard-images/main/images/volkswagen_id_4.png
Bmw I4,bmw,i4,bmw_i4.png,https://raw.githubusercontent.com/HAMIS-CHEEMA/car-dashboard-images/main/images/bmw_i4.png
Audi E-Tron,audi,e-tron,audi_e_tron.png,https://raw.githubusercontent.com/HAMIS-CHEEMA/car-dashboard-images/main/images/audi_e_tron.png
Ford Mustang,ford,mustang,ford_mustang.png,https://raw.githubusercontent.com/HAMIS-CHEEMA/car-dashboard-images/main/images/ford_mustang.png
Chevrolet Camaro,chevrolet,camaro,chevrolet_camaro.png,https://raw.githubusercontent.com/HAMIS-CHEEMA/car-dashboard-images/main/images/chevrolet_camaro.png
Chevrolet Corvette,chevrolet,corvette,chevrolet_corvette.png,https://raw.githubusercontent.com/HAMIS-CHEEMA/car-dashboard-images/main/images/chevrolet_corvette.png
Porsche 911,porsche,911,porsche_911.png,https://raw.githubusercontent.com/HAMIS-CHEEMA/car-dashboard-images/main/images/porsche_911.png
Porsche Cayenne,porsche,cayenne,porsche_cayenne.png,https://raw.githubusercontent.com/HAMIS-CHEEMA/car-dashboard-images/main/images/porsche_cayenne.png
Mercedes-Benz S-Class,mercedes-benz,s-class,mercedes_benz_s_class.png,https://raw.githubusercontent.com/HAMIS-CHEEMA/car-dashboard-images/main/images/mercedes_benz_s_class.png
Lexus Rx,lexus,rx,lexus_rx.png,https://raw.githubusercontent.com/HAMIS-CHEEMA/car-dashboard-images/main/images/lexus_rx.png
Lexus Es,lexus,es,lexus_es.png,https://raw.githubusercontent.com/HAMIS-CHEEMA/car-dashboard-images/main/images/lexus_es.png
Jaguar F-Pace,jaguar,f-pace,jaguar_f_pace.png,https://raw.githubusercontent.com/HAMIS-CHEEMA/car-dashboard-images/main/images/jaguar_f_pace.png
Land Rover Range Rover,land rover,range rover,land_rover_range_rover.png,https://raw.githubusercontent.com/HAMIS-CHEEMA/car-dashboard-images/main/images/land_rover_range_rover.png
